notebook,executed,imported_from_site_packages,used_local_src,output_artifact,error
clickseg.ipynb,True,True,False,notebook/tutorials/_executed/clickseg_executed.ipynb,
dino-x-api.ipynb,True,True,False,notebook/tutorials/_executed/dino-x-api_executed.ipynb,
dinov2-base.ipynb,True,True,False,notebook/tutorials/_executed/dinov2-base_executed.ipynb,
dinov3-vitb16.ipynb,True,True,False,notebook/tutorials/_executed/dinov3-vitb16_executed.ipynb,
edge-sam.ipynb,True,True,False,notebook/tutorials/_executed/edge-sam_executed.ipynb,
efficientsam.ipynb,True,True,False,notebook/tutorials/_executed/efficientsam_executed.ipynb,
grounding-dino-1.6_sam3-base.ipynb,True,True,False,notebook/tutorials/_executed/grounding-dino-1.6_sam3-base_executed.ipynb,
grounding-dino-swin-b_sam2.1-hiera-large.ipynb,True,True,False,notebook/tutorials/_executed/grounding-dino-swin-b_sam2.1-hiera-large_executed.ipynb,
grounding-dino-swin-t.ipynb,True,True,False,notebook/tutorials/_executed/grounding-dino-swin-t_executed.ipynb,
grounding-dino-swin-t_sam2.1-hiera-small.ipynb,True,True,False,notebook/tutorials/_executed/grounding-dino-swin-t_sam2.1-hiera-small_executed.ipynb,
hq-sam.ipynb,True,True,False,notebook/tutorials/_executed/hq-sam_executed.ipynb,
medsam2.ipynb,True,True,False,notebook/tutorials/_executed/medsam2_executed.ipynb,
mobilesam.ipynb,True,True,False,notebook/tutorials/_executed/mobilesam_executed.ipynb,
opencv-connected-components-refine.ipynb,True,True,False,notebook/tutorials/_executed/opencv-connected-components-refine_executed.ipynb,
opencv-contour-snap.ipynb,True,True,False,notebook/tutorials/_executed/opencv-contour-snap_executed.ipynb,
opencv-distance-transform-markers.ipynb,True,True,False,notebook/tutorials/_executed/opencv-distance-transform-markers_executed.ipynb,
opencv-dnn-onnx-runner.ipynb,True,True,False,notebook/tutorials/_executed/opencv-dnn-onnx-runner_executed.ipynb,
opencv-grabcut-plus.ipynb,True,True,False,notebook/tutorials/_executed/opencv-grabcut-plus_executed.ipynb,
opencv-intelligent-scissors.ipynb,True,True,False,notebook/tutorials/_executed/opencv-intelligent-scissors_executed.ipynb,
opencv-kmeans-color-segment.ipynb,True,True,False,notebook/tutorials/_executed/opencv-kmeans-color-segment_executed.ipynb,
opencv-mser-proposals.ipynb,True,True,False,notebook/tutorials/_executed/opencv-mser-proposals_executed.ipynb,
opencv-selective-search-fast.ipynb,True,True,False,notebook/tutorials/_executed/opencv-selective-search-fast_executed.ipynb,
opencv-selective-search-quality.ipynb,True,True,False,notebook/tutorials/_executed/opencv-selective-search-quality_executed.ipynb,
opencv-video-fg-bg-knn.ipynb,True,True,False,notebook/tutorials/_executed/opencv-video-fg-bg-knn_executed.ipynb,
opencv-video-fg-bg-mog2.ipynb,True,True,False,notebook/tutorials/_executed/opencv-video-fg-bg-mog2_executed.ipynb,
opencv-watershed-plus.ipynb,True,True,False,notebook/tutorials/_executed/opencv-watershed-plus_executed.ipynb,
ritm.ipynb,True,True,False,notebook/tutorials/_executed/ritm_executed.ipynb,
sam2.1-hiera-small.ipynb,True,True,False,notebook/tutorials/_executed/sam2.1-hiera-small_executed.ipynb,
sam3-base.ipynb,True,True,False,notebook/tutorials/_executed/sam3-base_executed.ipynb,
simpleclick.ipynb,True,True,False,notebook/tutorials/_executed/simpleclick_executed.ipynb,
